Tanggal,Nama Produk,Wilayah,Toko Penjual,Jumlah Terjual,Harga Satuan
2025-04-23,Peci Rajut,Surabaya,HijabKu,5,131711
2025-04-23,Kerudung Instan,Yogyakarta,Toko Amanah,5,100694
2025-04-23,Sarung Tenun,Jakarta,Busana Muslimah,18,222266
2025-04-23,Kerudung Instan,Medan,Toko Amanah,9,139826
2025-04-23,Mukena Katun,Jakarta,Muslim Fashion,4,117447
2025-04-24,Ciput Bandana,Bandung,Toko Amanah,6,89589
2025-04-24,Gamis Anak,Bandung,HijabKu,5,228127
2025-04-24,Hijab Instan,Bandung,Muslim Fashion,10,121086
2025-04-24,Hijab Instan,Surabaya,HijabKu,12,59891
2025-04-24,Mukena Katun,Bandung,Toko Amanah,9,106119
2025-04-24,Baju Koko,Jakarta,Busana Muslimah,12,213193
2025-04-24,Baju Koko,Yogyakarta,Syari Store,5,213977
2025-04-24,Mukena Katun,Yogyakarta,Toko Amanah,20,261555
2025-04-24,Hijab Instan,Jakarta,Muslim Fashion,5,295306
2025-04-25,Ciput Bandana,Yogyakarta,Busana Muslimah,14,283891
2025-04-25,Kerudung Instan,Medan,Busana Muslimah,6,283693
2025-04-25,Hijab Instan,Medan,HijabKu,12,293117
2025-04-25,Gamis Anak,Bandung,Busana Muslimah,1,217513
2025-04-25,Peci Rajut,Jakarta,HijabKu,8,121597
2025-04-26,Kerudung Instan,Surabaya,Muslim Fashion,8,140200
2025-04-26,Gamis Syari,Bandung,Busana Muslimah,19,66457
2025-04-26,Gamis Anak,Surabaya,Toko Amanah,16,211341
2025-04-26,Kerudung Instan,Bandung,Busana Muslimah,16,278494
2025-04-26,Jilbab Segi Empat,Surabaya,Muslim Fashion,13,247332
2025-04-26,Gamis Syari,Medan,Toko Amanah,7,92119
2025-04-26,Baju Koko,Medan,Muslim Fashion,8,230556
2025-04-27,Baju Koko,Yogyakarta,Toko Amanah,2,137384
2025-04-27,Peci Rajut,Yogyakarta,HijabKu,20,117322
2025-04-27,Kerudung Instan,Jakarta,Muslim Fashion,13,64832
2025-04-27,Baju Koko,Jakarta,Busana Muslimah,10,211774
2025-04-27,Hijab Instan,Bandung,HijabKu,20,194547
2025-04-27,Peci Rajut,Yogyakarta,Toko Amanah,4,211228
2025-04-27,Ciput Bandana,Surabaya,HijabKu,5,72325
2025-04-27,Hijab Instan,Jakarta,Busana Muslimah,5,117997
2025-04-28,Mukena Katun,Yogyakarta,Busana Muslimah,3,69427
2025-04-28,Gamis Anak,Bandung,Syari Store,16,204434
2025-04-28,Peci Rajut,Surabaya,Syari Store,7,223579
2025-04-28,Peci Rajut,Bandung,Syari Store,4,299788
2025-04-28,Ciput Bandana,Bandung,HijabKu,9,155475
2025-04-28,Mukena Katun,Jakarta,Busana Muslimah,20,114979
2025-04-28,Gamis Syari,Medan,Muslim Fashion,13,193193
2025-04-28,Peci Rajut,Medan,Toko Amanah,9,270548
2025-04-29,Hijab Instan,Bandung,HijabKu,13,94943
2025-04-29,Kerudung Instan,Yogyakarta,HijabKu,5,65754
2025-04-29,Gamis Syari,Yogyakarta,Syari Store,10,119796
2025-04-29,Peci Rajut,Medan,HijabKu,16,166575
2025-04-29,Hijab Instan,Yogyakarta,Busana Muslimah,5,236390
2025-04-29,Ciput Bandana,Bandung,HijabKu,19,193618
2025-04-29,Baju Koko,Bandung,Muslim Fashion,20,64549
2025-04-29,Hijab Instan,Jakarta,Syari Store,11,220716
2025-04-29,Mukena Katun,Surabaya,Toko Amanah,6,75400
2025-04-30,Gamis Anak,Yogyakarta,Toko Amanah,8,263314
2025-04-30,Gamis Anak,Medan,Syari Store,1,295875
2025-04-30,Hijab Instan,Yogyakarta,Toko Amanah,18,229458
2025-04-30,Jilbab Segi Empat,Surabaya,Busana Muslimah,9,253972
2025-04-30,Hijab Instan,Yogyakarta,Syari Store,7,232979
2025-05-01,Sarung Tenun,Medan,Syari Store,8,227640
2025-05-01,Gamis Syari,Bandung,HijabKu,2,103375
2025-05-01,Baju Koko,Surabaya,HijabKu,5,103486
2025-05-01,Ciput Bandana,Medan,Toko Amanah,5,76028
2025-05-01,Ciput Bandana,Bandung,Toko Amanah,9,105554
2025-05-01,Hijab Instan,Jakarta,Syari Store,13,102120
2025-05-01,Ciput Bandana,Yogyakarta,Muslim Fashion,19,224715
2025-05-01,Ciput Bandana,Medan,Toko Amanah,9,289053
2025-05-01,Gamis Syari,Bandung,Syari Store,14,174652
2025-05-01,Kerudung Instan,Bandung,HijabKu,9,202935
2025-05-02,Sarung Tenun,Jakarta,Toko Amanah,7,261863
2025-05-02,Hijab Instan,Jakarta,Busana Muslimah,1,77453
2025-05-02,Hijab Instan,Medan,Syari Store,7,184668
2025-05-02,Gamis Anak,Medan,Toko Amanah,2,51769
2025-05-02,Sarung Tenun,Surabaya,HijabKu,6,106192
2025-05-03,Hijab Instan,Medan,Toko Amanah,5,77804
2025-05-03,Kerudung Instan,Medan,Syari Store,18,87307
2025-05-03,Jilbab Segi Empat,Yogyakarta,Toko Amanah,17,231838
2025-05-03,Jilbab Segi Empat,Surabaya,Syari Store,16,209731
2025-05-03,Gamis Syari,Yogyakarta,Muslim Fashion,18,194482
2025-05-03,Kerudung Instan,Yogyakarta,HijabKu,15,279304
2025-05-03,Gamis Anak,Medan,Toko Amanah,2,133946
2025-05-03,Baju Koko,Surabaya,Busana Muslimah,4,54213
2025-05-03,Baju Koko,Jakarta,Syari Store,6,175612
2025-05-03,Sarung Tenun,Bandung,Syari Store,7,104259
2025-05-04,Gamis Syari,Bandung,Toko Amanah,5,105919
2025-05-04,Gamis Syari,Surabaya,HijabKu,14,188178
2025-05-04,Sarung Tenun,Bandung,Toko Amanah,20,114637
2025-05-04,Gamis Syari,Bandung,Muslim Fashion,4,61525
2025-05-04,Hijab Instan,Medan,Syari Store,4,84667
2025-05-04,Gamis Anak,Bandung,Muslim Fashion,5,151748
2025-05-04,Hijab Instan,Jakarta,Syari Store,13,243407
2025-05-04,Ciput Bandana,Medan,Syari Store,19,286046
2025-05-04,Gamis Anak,Yogyakarta,Toko Amanah,5,113588
2025-05-05,Hijab Instan,Jakarta,Syari Store,3,179144
2025-05-05,Ciput Bandana,Jakarta,Busana Muslimah,7,221705
2025-05-05,Peci Rajut,Surabaya,Syari Store,15,238333
2025-05-05,Hijab Instan,Medan,Toko Amanah,10,256178
2025-05-05,Gamis Anak,Jakarta,Toko Amanah,1,149427
2025-05-06,Peci Rajut,Bandung,Syari Store,18,274824
2025-05-06,Peci Rajut,Bandung,Toko Amanah,20,157182
2025-05-06,Jilbab Segi Empat,Yogyakarta,Syari Store,18,244681
2025-05-06,Baju Koko,Bandung,Muslim Fashion,10,93371
2025-05-06,Gamis Syari,Jakarta,Muslim Fashion,17,183905
2025-05-06,Mukena Katun,Jakarta,Busana Muslimah,9,221269
2025-05-06,Sarung Tenun,Yogyakarta,HijabKu,20,260503
2025-05-06,Gamis Syari,Jakarta,Busana Muslimah,18,276345
2025-05-06,Baju Koko,Medan,Syari Store,17,166056
2025-05-06,Gamis Anak,Surabaya,Busana Muslimah,13,113189
2025-05-07,Gamis Anak,Medan,Toko Amanah,16,91257
2025-05-07,Gamis Anak,Bandung,Toko Amanah,17,228008
2025-05-07,Peci Rajut,Surabaya,HijabKu,14,91195
2025-05-07,Hijab Instan,Yogyakarta,HijabKu,18,55575
2025-05-07,Peci Rajut,Surabaya,Busana Muslimah,12,233498
2025-05-07,Peci Rajut,Bandung,Busana Muslimah,1,101100
2025-05-07,Jilbab Segi Empat,Surabaya,Busana Muslimah,7,280793
2025-05-07,Sarung Tenun,Bandung,Syari Store,15,185797
2025-05-07,Baju Koko,Bandung,Busana Muslimah,17,282389
2025-05-08,Baju Koko,Jakarta,HijabKu,20,292115
2025-05-08,Ciput Bandana,Yogyakarta,Muslim Fashion,15,134687
2025-05-08,Gamis Syari,Bandung,Toko Amanah,19,209727
2025-05-08,Mukena Katun,Surabaya,Toko Amanah,18,101992
2025-05-08,Baju Koko,Yogyakarta,HijabKu,7,207262
2025-05-08,Hijab Instan,Surabaya,Syari Store,1,83213
2025-05-08,Peci Rajut,Jakarta,HijabKu,18,125345
2025-05-08,Ciput Bandana,Medan,Muslim Fashion,15,239112
2025-05-09,Ciput Bandana,Yogyakarta,Syari Store,7,109121
2025-05-09,Kerudung Instan,Bandung,HijabKu,8,75474
2025-05-09,Mukena Katun,Bandung,Toko Amanah,4,129888
2025-05-09,Ciput Bandana,Medan,Syari Store,12,241134
2025-05-09,Peci Rajut,Yogyakarta,HijabKu,7,192297
2025-05-09,Mukena Katun,Jakarta,Toko Amanah,16,158200
2025-05-09,Hijab Instan,Surabaya,Syari Store,2,209496
2025-05-09,Baju Koko,Surabaya,HijabKu,10,181497
2025-05-10,Hijab Instan,Yogyakarta,Syari Store,19,230640
2025-05-10,Jilbab Segi Empat,Jakarta,Toko Amanah,18,50349
2025-05-10,Ciput Bandana,Yogyakarta,Toko Amanah,1,146689
2025-05-10,Gamis Anak,Surabaya,Busana Muslimah,2,174398
2025-05-10,Jilbab Segi Empat,Yogyakarta,HijabKu,2,82079
2025-05-11,Peci Rajut,Medan,Syari Store,6,90523
2025-05-11,Jilbab Segi Empat,Yogyakarta,Toko Amanah,3,295264
2025-05-11,Mukena Katun,Medan,HijabKu,18,228818
2025-05-11,Gamis Anak,Surabaya,HijabKu,9,212044
2025-05-11,Mukena Katun,Bandung,Busana Muslimah,9,209021
2025-05-11,Jilbab Segi Empat,Bandung,Syari Store,12,117568
2025-05-12,Baju Koko,Medan,Busana Muslimah,20,257891
2025-05-12,Jilbab Segi Empat,Medan,Muslim Fashion,19,120067
2025-05-12,Mukena Katun,Jakarta,HijabKu,2,108791
2025-05-12,Ciput Bandana,Jakarta,Toko Amanah,5,219218
2025-05-12,Peci Rajut,Surabaya,Busana Muslimah,16,295355
2025-05-12,Kerudung Instan,Surabaya,HijabKu,9,255824
2025-05-12,Baju Koko,Surabaya,Syari Store,9,237547
2025-05-12,Hijab Instan,Surabaya,Busana Muslimah,15,149277
2025-05-12,Mukena Katun,Bandung,Muslim Fashion,3,207704
2025-05-12,Mukena Katun,Surabaya,Busana Muslimah,11,64033
2025-05-13,Hijab Instan,Medan,Toko Amanah,12,202702
2025-05-13,Gamis Anak,Bandung,Busana Muslimah,14,114790
2025-05-13,Gamis Anak,Medan,Toko Amanah,6,187975
2025-05-13,Baju Koko,Surabaya,Syari Store,4,80764
2025-05-13,Baju Koko,Medan,Syari Store,2,276028
2025-05-13,Gamis Syari,Jakarta,Toko Amanah,5,210294
2025-05-13,Baju Koko,Yogyakarta,Muslim Fashion,10,118522
2025-05-13,Kerudung Instan,Jakarta,Syari Store,8,94743
2025-05-14,Hijab Instan,Bandung,Toko Amanah,14,77394
2025-05-14,Ciput Bandana,Surabaya,Busana Muslimah,19,63525
2025-05-14,Kerudung Instan,Yogyakarta,HijabKu,10,228135
2025-05-14,Mukena Katun,Medan,Muslim Fashion,5,113879
2025-05-14,Peci Rajut,Surabaya,Syari Store,9,256094
2025-05-14,Ciput Bandana,Jakarta,Syari Store,3,79838
2025-05-15,Sarung Tenun,Medan,Muslim Fashion,16,159589
2025-05-15,Hijab Instan,Bandung,Muslim Fashion,1,177417
2025-05-15,Baju Koko,Medan,HijabKu,10,159152
2025-05-15,Gamis Syari,Medan,Muslim Fashion,11,158627
2025-05-15,Ciput Bandana,Bandung,Syari Store,1,102041
2025-05-15,Jilbab Segi Empat,Jakarta,Syari Store,2,122437
2025-05-15,Gamis Syari,Yogyakarta,Busana Muslimah,11,176231
2025-05-15,Jilbab Segi Empat,Jakarta,Syari Store,20,284927
2025-05-15,Peci Rajut,Bandung,HijabKu,19,109600
2025-05-16,Gamis Anak,Yogyakarta,Syari Store,6,120030
2025-05-16,Sarung Tenun,Medan,Busana Muslimah,14,195527
2025-05-16,Hijab Instan,Jakarta,Muslim Fashion,15,201376
2025-05-16,Jilbab Segi Empat,Yogyakarta,Syari Store,11,128305
2025-05-16,Jilbab Segi Empat,Surabaya,Busana Muslimah,8,285244
2025-05-16,Baju Koko,Yogyakarta,HijabKu,4,182855
2025-05-16,Baju Koko,Jakarta,Busana Muslimah,16,125075
2025-05-16,Peci Rajut,Jakarta,Toko Amanah,17,266478
2025-05-16,Peci Rajut,Bandung,Muslim Fashion,20,267429
2025-05-17,Sarung Tenun,Jakarta,Muslim Fashion,17,150504
2025-05-17,Peci Rajut,Surabaya,HijabKu,2,144541
2025-05-17,Hijab Instan,Medan,Muslim Fashion,10,107232
2025-05-17,Ciput Bandana,Bandung,Busana Muslimah,11,291267
2025-05-17,Gamis Anak,Yogyakarta,Busana Muslimah,4,188579
2025-05-17,Sarung Tenun,Medan,Muslim Fashion,1,155906
2025-05-17,Baju Koko,Jakarta,Syari Store,12,257724
2025-05-17,Jilbab Segi Empat,Jakarta,Toko Amanah,17,71271
2025-05-18,Kerudung Instan,Bandung,Syari Store,5,64167
2025-05-18,Mukena Katun,Bandung,HijabKu,8,209670
2025-05-18,Kerudung Instan,Jakarta,HijabKu,19,148472
2025-05-18,Hijab Instan,Surabaya,Toko Amanah,15,127369
2025-05-18,Peci Rajut,Yogyakarta,HijabKu,15,52942
2025-05-18,Gamis Syari,Jakarta,Toko Amanah,8,193473
2025-05-18,Gamis Syari,Bandung,Busana Muslimah,14,92735
2025-05-18,Jilbab Segi Empat,Jakarta,Muslim Fashion,9,53884
2025-05-18,Baju Koko,Jakarta,HijabKu,15,198252
2025-05-18,Ciput Bandana,Bandung,Busana Muslimah,2,179156
2025-05-19,Kerudung Instan,Medan,Toko Amanah,8,292342
2025-05-19,Gamis Syari,Surabaya,Busana Muslimah,18,217406
2025-05-19,Hijab Instan,Medan,Busana Muslimah,1,223666
2025-05-19,Mukena Katun,Medan,Syari Store,1,182454
2025-05-19,Gamis Anak,Surabaya,Muslim Fashion,19,128531
2025-05-19,Gamis Anak,Bandung,Syari Store,8,190332
2025-05-20,Peci Rajut,Bandung,Toko Amanah,1,278034
2025-05-20,Kerudung Instan,Medan,HijabKu,9,188243
2025-05-20,Kerudung Instan,Bandung,Syari Store,7,247944
2025-05-20,Gamis Syari,Jakarta,Syari Store,18,284007
2025-05-20,Peci Rajut,Surabaya,Toko Amanah,1,252150
2025-05-20,Sarung Tenun,Medan,Busana Muslimah,20,105579
2025-05-20,Mukena Katun,Surabaya,HijabKu,16,67708
2025-05-20,Sarung Tenun,Yogyakarta,Busana Muslimah,16,117016
2025-05-21,Sarung Tenun,Bandung,Muslim Fashion,13,285949
2025-05-21,Peci Rajut,Jakarta,Syari Store,17,54593
2025-05-21,Jilbab Segi Empat,Bandung,Busana Muslimah,18,138732
2025-05-21,Kerudung Instan,Yogyakarta,Muslim Fashion,14,176035
2025-05-21,Hijab Instan,Bandung,Toko Amanah,2,60665
2025-05-21,Kerudung Instan,Surabaya,HijabKu,18,58222
2025-05-22,Sarung Tenun,Medan,Syari Store,15,190162
2025-05-22,Jilbab Segi Empat,Medan,HijabKu,14,92358
2025-05-22,Baju Koko,Jakarta,Busana Muslimah,4,229287
2025-05-22,Sarung Tenun,Bandung,HijabKu,8,119175
2025-05-22,Hijab Instan,Yogyakarta,Muslim Fashion,18,286505
2025-05-22,Jilbab Segi Empat,Yogyakarta,Busana Muslimah,2,297018
2025-05-22,Peci Rajut,Medan,HijabKu,20,283213
2025-05-22,Gamis Anak,Medan,HijabKu,5,213751
2025-05-22,Jilbab Segi Empat,Yogyakarta,Muslim Fashion,8,113468
2025-05-22,Gamis Syari,Medan,Syari Store,12,206883
